name,alternative_names,tea_type,cultivars,processing,oxidation_level,cultural_significance,cultural_significance_source,country_of_origin,subregions,avg_price_per_oz_usd,liquor_appearance,liquor_aroma,liquor_taste,liquor_body_mouthfeel,body_effect,dry_leaf_appearance,dry_leaf_aroma,wet_leaf_appearance,wet_leaf_aroma
Assam Doomni,,black,Large-leaf Assamica,,high,Estate-grown Assam black tea from the Brahmaputra Valley,Camellia Sinensis,India,"Assam, Doomni Estate",,mostly clear; reddish-brown,"Sweet, fresh, woody, hay, sugar cane","malt, woody","medium body, astringent, slightly bitter",stimulating,"small, half‑black and half golden‑orange, downy, twisted leaves","Light woodiness, sweet hay",Typical muddy brown shredded leaves,"Sweet, woody, hay"
Ba Xian Dan Cong,Eight Immortals Dan Cong,oolong,Ba Xian,,medium,Associated with the Taoist Eight Immortals. The tea originates from a group of eight cuttings that survived to become eight unique-looking tea bushes.,Verdant Tea,China,"Guangdong, Chaozhou, Fenghuang, Wudong Shan",,"slightly hazy; warm, sunny orange-yellow; honey",sweet; honey; brioche,"honey; peach; nectarine; slightly sweet, slightly tart; fruity",thick; luscious; syrupy,,"large, withered, dark brown leaves with light brown accents",roasted; sweet; effervescent; peach; fruity,olive-green to mud-brown leaves,sweet; honey; intense; nectarine; peach; fruity
Bai Hao Yin Zhen,Silver Needle,white,Da Bai Hao; Fuding Dahao; Fuding Dabai; Zhenghe Dabai,lightly wilted and briefly pan-fried at a low temperature; naturally dried,low,Late‑Qing records describe it being produced in small quantities for tribute due to its use of only young downy buds.,"Willson ""Tea: A History of the Drink That Changed the World"" (2011); Fujian Tea Bureau archives",China,"Fujian, Fuding; Yunnan, Simao, Jinggu",,"soft, pale golden yellow; pale gold",light woodiness; raw pastry dough; cinnamon; vanilla; floral; slightly buttery; artichoke; fruity; sweet; melon; squash,woody; pastry dough; cinnamon; peppery; floral; sweet; vegetal; fruity; honeydew melon,smooth; medium body; juicy,calming,"medium‑sized green buds with a light white, silvery down",fresh; woody; sweet; peppery; molasses; rosemary; pine,vibrant green with brown accents,pepper; toast; vegetal; lightly woody; raw pastry dough; cinnamon; licorice; vanilla; floral; roasted squash
Bai Ji Guan,White Cockscomb,oolong,Bai Ji Guan,shade withering,medium,"Counted among Wuyi’s ""Four Famous Bushes."" Associated with a tale of a monk who cared for an injured rooster, A pale‑leaf tea bush was later found where the bird had rested, giving rise to the tea’s name and its place in Wuyi folklore.","Fujian Wuyi Tea Bureau (2018); Zhang ""China Tea Classic"" (2006)",China,"Fujian, Wuyi",,somewhat cloudy; buttercup yellow; apricot gold,char; honey; sweet; buttery; rich; fruity; dates; effervescent; yams; sweet potato,nutty; walnuts; yellow squash; sweet potato; buttery; honey; malty,medium body; juicy; lingering; slightly astringent,stimulating; warming,"large, withered, dark brown leaves with light brown accents",char; very sweet; pastry; almond; hay; wood,"large, mud-brown leaves",intensely fruity; date; effervescent; very sweet; grapefruit; nectarine; sweet potato; floral
Bai Lin,Bai Lin Gong Fu; Golden Monkey,black,Fuding Bai Hao,picked as one leaf and one bud; hand‑processed,high,"A Fujian black tea whose modern name ""Golden Monkey"" refers to the golden downy buds that resemble monkey fur and the curled leaf shape said to look like a monkey’s paw. The Bai Lin region has produced black tea since the late Qing period.",Fujian Tea Bureau; Tea Research Institute of CAAS,China,Fujian,,"cloudy, warm reddish-brown",very sweet; woody; cinnamon raisin toast; butterscotch; caramel; warm; floral; cooked pumpkin,sweet; slightly sour; fruity; floral; woody; raisins,smooth; light‑to‑medium body; slightly astringent,warming; comforting,"small, withered, downy, orange and black leaves with bud‑leaf pairs showing golden‑orange fur",chocolate-covered raisins; heavy; sweet; pungent; fruity; cherries; nectar; warm,"small, mud-brown leaves",floral; sweet; fruity; dried cherry; raisin
Bai Mu Dan,White Peony,white,Fuding Dabai; Zhenghe Dabai,,low,"A key tea in the Fuding white‑tea tradition, having been produced since the early 20th century. Its name reflects the layered bud‑and‑leaf appearance that resembles peony blossoms.",Fujian Tea Bureau; China White Tea Compendium (2010),China,"Fujian, Fuding",,"cloudy, elegant golden yellow; many little hairs",butter; cream; sweet; buttercream frosting; floral; apple cider,floral; sweet; cinnamon; pastry dough; soft; buttery; creamy; juicy; watermelon rind,smooth; medium body; creamy; juicy,calming,"medium‑to‑large, silvery, fuzzy, bright‑to‑dark green buds and leaves",very fresh; floral; somewhat fruity; Play-Doh; moss; honeysuckle; bright,uniform green that darkens with brewing,floral; frosting; sweet; creamy; buttery; pastry dough; vegetal; artichoke; pine
Bao Hong,Yi Liang Long Jing; Dragonwell of Yi Liang,green,Yunnan Da Ye Zhong,,low,A Yunnan green tea whose flat‑pan processing style resembles Long Jing. This technique is reflected in its nickname.,Yunnan Agricultural University; Yi Liang County Tea Records,China,"Yunnan, Yi Liang",,pale yellow,nutty; smoky; chestnuts; hay; salty; sweet,nutty; cashews; smoky; vegetal; sweet; salty; hazelnut; chestnut; savory,thick; rich,energizing,"full, plump, small leaves",smoked brisket; nutty; spicy; fruity; hay; floral; jasmine,green with brown and red accents,nutty; chestnut; vegetal
Bei Dou,Lost Robe,oolong,Bei Dou Yi Hao,picked up to the third or fourth leaf,medium,"A Wuyi rock‑tea cultivar whose name ""Bei Dou"" means Big Dipper. The nickname “Lost Robe” comes from its association with cuttings taken near the Da Hong Pao mother bushes. Viewed as a ""lost sibling"" of the famous Red Robe tea.","Wuyi Tea Research Institute; Fujian Agriculture Press ""Wuyi Rock Tea Varietal Records""",China,"Fujian, Wuyi, Zhengyan",,golden yellow orange; sunset orange,fudge; blackberries; antique wood; butterscotch; floral,sweet; black raspberry ice cream; chocolate cherry ice cream; blackberries; woody; floral; brandy; hazelnut; cooked apple,thick; comforting,,"medium‑to‑long, withered, broad, dark brown to black leaves",lightly woody; lightly plum; milk chocolate; strawberries,"oily, darker olive green with brown and red accents",dark chocolate; raspberry; black raspberry ice cream; strawberry; blackberry
Ben Shan,Green Dragon; Anxi Green Dragon,oolong,Ben Shan,sun-withered; traditional cloth-wrapped rolling; multiple re-rollings and light roasts,low,"One of the traditional Anxi oolong cultivars. Its name means “Origin Mountain”, referencing the local village where the cultivar was first propagated.",Anxi Tea Industry Records; Fujian Oolong Cultivar Register,China,"Fujian, Anxi County",,deep golden yellow; bright; clear with small particles,milky; buttery; cream; roasted; sweet,sweet; floral; toasty; grassy; caramel; butter; cream,light body; smooth,comforting,loosely rolled balls in mixed greens and browns,"fresh; sweet; roasted; milk chocolate; fruity; peach, nectarine; caramel; hay; coffee; floral; vegetal; marine; cantaloupe; tree bark; sandalwood",medium-large leaves from yellow-green to forest green with reddish-brown accents,fruity; white grape; champagne; sweet; effervescent; wild berries; sweet; vegetal
Ceylon White Tea,Sri Lankan White Tea,white,TRI 2043; TRI 2023; TRI 2024; TRI 2025,"minimally processed, sun-withered buds",very low,,,Sri Lanka,,,cloudy; pale moonlight yellow,sweet; woody; raw pastry dough,sweet; vegetal; woody; creamy; subtle,"thick, smooth",calming,"light, pale green buds with white down",intensely fruity; intensely floral; woody,dull green with brownish red edges,fruity; prune
Cui Ming,Yunnan Cui Ming,green,Yunnan Da Ye Zhong,,low,,,China,"Yunnan, Simao, Ning'Er",,bright yellow-green; bright golden yellow,green chestnut; fruit; sweet potato; sweet; buttery,sweet potato; sweet; buttery; pungent; decadent,smooth; thick,energizing,"bright green, silver‑white, uniform leaves with wavy, dark‑green‑to‑white, fuzzy leaves",strongly vegetal; dried seaweed; hamster bedding,"wavy, various shades of green with red accents",asparagus; spinach; slightly fruity; spicy
Da Hong Pao,Big Red Robe; Big Red Cape; Crimson Robe,oolong,Qi Dan,,medium,Top 10 tea of China. Tied to the legend of imperial officials placing red robes on the original mother bushes after the tea was credited with healing a royal illness.,"China Tea Marketing Association (2010); Zhang ""China Tea Classic"" (2006)",China,"Fujian, Wuyi Shan, Wuyishan Ecological Preserve",,clear; vibrant orange-yellow; light caramel; honey,roasted peanut shells; nectarine; sweet; earthy; woody; spicy; butternut squash; slightly smoky; chocolate; caramel; honey; wood; butter,sweet; salty; butternut squash; smoky; woody; slightly spicy; chocolate; char; clove; allspice; caramel; honey; lightly sweet,smooth; medium‑to‑thick body,stimulating,"medium‑long, twisted, withered, dark brown to black leaves",woody; sweet hay; pastry; bright; floral; prunes; milk chocolate; roasted; peach; fruity; effervescent; caramel; raspberry,dark olive and brown leaves with mud-brown accents,butternut squash; fruity; effervescent; milk chocolate; allspice; nectarine; apricot
Darjeeling Avongrove White Tea,Avongrove White,white,AV2,sun-withered buds,very low,,,India,"Darjeeling, Avongrove Estate",,brilliant light yellow,floral; cocoa,grassy; fruity; sweet; floral; pastry; slightly smoky; pine; muscat grape,medium-to-heavy body; smooth,refreshing,"medium, dark green buds with fuzzy, gray down",fresh; woody; hay; floral; tulip,green and brown leaves,very sweet; floral; woody; muscat grape
Darjeeling Jungpana,,black,Small-leaf Camellia sinensis,,high,,,India,"Darjeeling, Jungpana Estate",,yellow‑orange; orange‑brown,refreshing; bright; woody; spicy; fruity; cinnamon‑raisin toast; sweet; pastry,woody; sweet; fruity; muscat grape; well‑balanced,smooth; slight astringency,uplifting,"small, twisted, broken, green, white, and brown leaves",fresh; invigorating; woody; fruity,uncurled leaves in green with brown and red accents,muscat grape
Dian Hong,Yunnan Gold,black,Yunnan Da Ye Zhong,,high,,,China,"Yunnan, Lincang, Fengqing",,cloudy; orange‑brown,chocolate cake batter; spicy; sweet; smoked meat; malty; molasses; brown sugar,chocolate cake batter; spicy; peppery; bark; sweet; fruity; malty; caramel; gingerbread,smooth; thick; coats the tongue,warming,"long, golden-yellow and brown, twisted leaves with fuzzy, golden buds",spicy; raspberries; dark chocolate; effervescent; golden raisins; nutmeg,brown leaves,intensely fruity; tropical fruit; passionfruit; mango; chocolate; raspberry; apricot; almond
Dong Ding,Frozen Summit; Tung Ting,oolong,Chin Xin,picked up to the third or fourth leaf,medium,A foundational Taiwanese oolong introduced in the 19th century by a scholar returning from Fujian. It became a symbol of Taiwan’s tea craftsmanship and is central to the island’s oolong identity.,Taiwan Tea Research and Extension Station (TRES); Taiwan Council of Agriculture,Taiwan,"Chiayi, Alishan",,cloudy; pale moonlight yellow; pale yellow‑gray,sweet; buttery; pastry; floral; biscuits; pear; hyacinth,cooked pear; buttery; pastry,medium body; lubricating; juicy,stimulating,"rolled, dark green and brown leaves",floral; sweet; grassy; refreshing; char; orange; bosc pear,"large, darker green leaves",fruity; baked apple; pear; pineapple; effervescent; cream; sweet
Fo Shou,Buddha's Hand,oolong,Fo Shou, traditional Wuyi processing,medium,"Named ""Buddha’s Hand"" for its leaf shape and long association with Wuyi Buddhist temples. Historically valued for incense‑like aromatics linked to monastic tea culture.",Wuyishan Cultural Heritage Office (2015); Fujian Tea Gazetteer,China,"Fujian, Wuyishan, Tongmu",,"cloudy, hazy; light root beer-brown",mixed berries; cream; sweet; roasted; walnut; smoky,raspberry; roasted grain; sweet cream; blackberry,light-to-medium body; juicy,energizing,"large, withered leaves of various shades of brown",fresh; sweet; nectarine; roasted; fruity; lychee; toast; floral; mineral,"shiny, darker red‑brown to forest-green leaves",raspberry; effervescent; strawberry
Fukamushi-cha,Fukamushicha; Fukamushi Sencha,green,Yabukita,,low,,,Japan,Shizuoka,,extremely cloudy; dull lime green,peanut; sweet; salty; vegetal; effervescent,extremely vegetal; slightly fruity; citrus; nutty; seaweed; salty; lime,thick; smooth; effervescent,refreshing,"small, thin, dark green leaves",bright; effervescent; fresh; vegetal; sweet; nutty; peanuts; hay,expands in volume,nutty; peanut; salty; sweet
Golden Needles,Jin Zhen; Yunnan Golden Buds; Dian Hong Jin Zhen,black,Yunnan Da Ye Zhong; Fengqing Da Ye,,high,,,China,"Yunnan, Cangyuan",,brown; dark amber,apple; spicy; smoky; earthy; woody; malty,slightly sweet; woody; malty; spicy; smoky,medium body,warming,"small‑to‑medium, dark brown to blackish, golden, thin, twisted leaves",woody; spicy; malty; warm hay; hamster bedding; nutty; almond,"thin, uniform brown leaves",sweet; fruity; prune; wine; woody; chocolate
Gui Fei,Honey Orchid; Guifei,oolong,Jin Xuan,,medium,"Developed after tea farmers noticed that leafhopper bites created a naturally honeyed aroma. The name references the Tang‑dynasty consort Yang Guifei, symbolizing sweetness and beauty.",Taiwan Tea Research and Extension Station; Nantou County Tea Records,Taiwan,"Nantou, Wushe",,"deep, dark golden yellow",fruit; toasted rice; muscat grapes; buttery; nutty; sweet; butternut squash; peaches; honey,toasted rice; muscat grape; sweet; orchid; peaches; honey; apricot,medium-to-heavy body; effervescent,uplifting,"small, dark green rolled balls",orchid; sweet; hay; apricot,unspecified,nutty; orchid; peach; effervescent; honey; sweet
Gui Hua,Osmanthus Oolong,oolong,Huang Dan,mixed with fresh osmanthus flowers; rolled; lightly roasted,medium,Reflects Fujian’s long tradition of scenting teas with osmanthus blossoms. Osmanthus is a flower associated with autumn festivals and literary symbolism.,Fujian Tea Gazetteer; China Osmanthus Culture Society,China,"Fujian, Anxi, Jingu",,light butter yellow,apricot; almond; floral,almond; butter; sweet; osmanthus; grassy,medium-to-thick body,uplifting,"loosely rolled, dark green leaves",dried apricot; almond; sweet,"broken, large, sea‑green leaves",pinewood resin; cardamom; dried apricot
Gyokuro Shizuoka,,green,Yabukita; Saemidori; Okumidori; Gokou; Asahi,,low,,,Japan,Shizuoka,,soft green; pale yellow,vegetal; floral,sweet; spinach; berries; asparagus; green beans; slightly floral,smooth,calming,"short, dull, dark green flat leaves",sweet; vegetal; floral; fruity; pear,intensely green,vegetal; buttered toast
Huang Jin Gui,Golden Turtle; Golden Osmanthus,oolong,Huang Jin Gui,,medium,One of the “Four Famous Anxi Oolongs”. Known for its golden liquor and osmanthus‑like aroma. Helped establish Anxi as a major center of oolong innovation.,Fujian Tea Bureau (2001); Anxi Tea Industry Records,China,"Fujian, Quanzhou, Anxi",,bright clear yellow,rich; buttery; asparagus; sweet; butterscotch,mineral; vegetal; buttery; sweet; slightly fruity,smooth; thick,relaxing; refreshing,"tightly rolled, vibrant green leaves",fresh cut grass; freshly baked bread,"small, unfurled, vibrant, deep green leaves",rich; buttery; asparagus; very sweet; floral; rain
Huang Shan Mao Feng,Yellow Mountain Fur Peak,green,Huangshan Qunti Zhong,,low,Top 10 tea of China. Named for the Huangshan region and the fine white hairs on its buds that resemble mountain peaks. Praised since the Qing dynasty.,China Tea Marketing Association; Anhui Provincial Tea Records,China,"Anhui, Huang Shan",,"bright, cheerful golden yellow; decent number of hairs",starchy; buttery; sweet cream; fresh bread; sugar cane,"slightly sweet; vegetal; herbaceous, pine, floral",medium body; juicy,energizing; uplifting,"withered, curved, small leaves, yellow‑green to dark green with silver hairs",vegetal; spicy; herbaceous; hay; milk chocolate; oregano; black pepper,lighter yellow-green bud-and-leaf pairs with reddish accents,effervescent; sweet; floral; herbaceous; vanilla; lemon verbena
Huang Zhi Xiang Dan Cong,Yellow Gardenia Flower Dan Cong,oolong,Huang Zhi Xiang,,medium,A Phoenix Dan Cong cultivar named for its natural gardenia‑like fragrance. Part of Guangdong’s single‑bush Dan Cong heritage.,Guangdong Intangible Cultural Heritage Registry; Fenghuang Dan Cong Cultural Office,China,"Guangdong, Wu Dong, Phoenix Village, Ling Tou",,"light, clear golden yellow-orange",nectarine; sweet; baked bread; nectar; dark honey; sweet potato,honey; refined; gentle; elegant; sweet; nectar; lightly woody; graham cracker,medium body; lubricating; syrupy,,"long, withered, blackish‑brown leaves with lighter accents",roasted; fresh; nectarine; raisin; tobacco; hay; woody,leaves are various shades of green and mud-brown,effervescent; sweet; nectarine
Huo Shan Huang Ya,Amber Mountain,yellow,Jin Ji,"picked as a bud and leaf, then steamed and covered",low,"Once produced as imperial tribute. Nearly lost in the 20th century, but revived through local preservation efforts in Anhui.","Anhui Provincial Archives ""Huoshan County Tea Annals"" (1998); China Yellow Tea Research Center",China,"Anhui, Huoshan",,"light, golden antique yellow",slightly buttery; effervescent,slightly fruity; pear; delicate; elegant; pine; clean,light-to-medium body; smooth; effervescent,calming,"long, flat, withered yellow‑green leaves",fresh; juicy; warm; vibrant; effervescent; intensely vegetal; sea air; pear; mango; fruity; sweet,"uniform, lighter, slightly yellow-green leaves",fruity; sweet; pear; effervescent; pine; warm; fresh cut grass
Jade Dragon Green Tea,Jade Dragon,green,White Pekoe,,low,,,China,"Yunnan, Lincang, Fengqing",,"bright, golden yellow; some hairs; cheerful; elegant",smoky; vegetal; slightly nutty; chestnut, vegetal; green beans; bright; slightly smoky,medium body; astringent; smooth,alerting,"dark green leaves with light, shiny, white down and contorted buds",sharp; pungent; smoky; vegetal; spicy; vanilla,"bright, vibrant, yellow‑green leaves with red-brown accents",pineapple; vegetal; smoky; effervescent; passionfruit; coconut
Jade Earrings White Tea,Jade Earrings,white,Unknown,,low,,,China,"Yunnan, Simao",,very cloudy; foamy; moonlight white-yellow,fragrant; sweet hay; vegetal,vegetal; slightly sweet; peas; green beans; can become acrid at high temperatures,medium body; smooth,relaxing; comforting,"tightly rolled coils, downy and silvery white mixed with a dull green",very vegetal; slightly acrid; hay,"glossy, curled, dull yellow‑green ribbons",sweet; effervescent
Jasmine Pearls,Dragon Pearls; Jasmine Dragon Pearls,green,Fuding Dabai; Yunnan Da Ye Zhong,"scented with jasmine, hand‑rolled",low,Part of Fujian’s centuries‑old jasmine‑scenting tradition developed during the Ming and Qing dynasties to meet demand for aromatic tribute teas.,Fujian Jasmine Tea Association; China Tea History (Zhang 2006),China,Fujian; Yunnan,,cloudy with many particles; pale moon yellow; soft golden yellow,intensely floral; jasmine; sweet; honey,elegant; jasmine; floral; honey; white grapes,light-to-medium body; lubricating; smooth,calming; uplifting,"small‑to-medium rolled balls with dark brown, white, and dark green streaks",intensely floral; jasmine; grassy;  fruity; peach; nectarine; white grape; champagne; effervescent; vanilla,"medium‑to-long, light‑to‑dark green leaves with some reddish accents",intensely floral; jasmine; very sweet; vanilla; fruity; white grape
Jiang Mu Xiang Dan Cong,Ginger Aroma Dan Cong,oolong,Jiang Mu Xiang,,medium,A Phoenix Mountain Dan Cong cultivar known for its ginger‑like floral aroma. Part of the Guangdong Dan Cong heritage recognized as intangible cultural heritage.,Guangdong Intangible Cultural Heritage Registry; Fenghuang Dan Cong Cultural Office,China,"Guangdong, Raoping, Fenghuang, Tou She",,gold‑orange; slightly cloudy; golden yellow-orange; dull amber,buttered croissant; sweet; cream; gingerbread; fruity; nectarine,complex; refined; sweet; raw ginger; floral; slightly bitter; lightly buttery; lychee; woody; nectarine,medium-to-heavy body; lubricating; somewhat astringent,energizing,"medium, withered, blackish‑brown leaves with lighter accents",fresh; effervescent; sweet; muscat; ginger; spicy; peach; nutmeg; burned wood; nectarine,dull green with reddish brown accents,sweet; lychee; peach; effervescent; ginger; croissant; buttery; honey; cream; warm; nectarine
Jin Guanyin,,oolong,Jin Guanyin,traditional Wuyi processing,medium,,,China,"Fujian, Wuyishan, Tongmu",,"clear; dull, antique golden amber",fresh; lively; sweet; baked bread; fruity peach; nutty; peanut; buttery,honey; sweet; malty; peach; wheat; grain,heavy; smooth; syrupy,uplifting,"medium‑to-large withered leaves, brown to blackish‑green to reddish",sweet; roasted; nutty; peanuts; fruity; peach,olive green to mud-brown with reddish accents,sweet; roasted grain; peach; pear; vanilla; effervescent
Jin Jun Mei,Golden Eyebrow; Gleaming Eyebrow,black,Wuyi Qunti Zhong,,high,One of the most influential modern Chinese black teas. Created in 2005 in Tongmu. Made entirely from early spring buds and credited with revitalizing high‑end black‑tea culture.,Wuyishan Tea Research Institute; Tongmu Tea Cooperative Records,China,Fujian; Wuyi Mountains,,dull orange; root beer; partially cloudy; medium amber; earthy orange caramel,sweet; floral; rum; butter; chocolate; caramel; malty; wood,dark chocolate; floral; peppery; malty; bright; bittersweet; caramel; yellow squash,full; viscous,energizing,"small, thin, black leaves with golden, orange‑yellow tips",chocolate; hay; floral; sweet,uniform mud-brown,fruity; effervescent; prune; cherry; warm; nutmeg; cloves; cinnamon; floral; chocolate; sweet
Jin Xuan,Silk Oolong; Milk Oolong,oolong,Jin Xuan,picked up to the third or fourth leaf and artificially scented,medium,Developed in Taiwan in the 1980s by the Tea Research and Extension Station. Its naturally creamy texture helped define Taiwan’s modern oolong identity.,Taiwan Tea Research and Extension Station; Taiwan Council of Agriculture,Taiwan,Nantou,,cloudy; bright yellow,"warm milk; ripe, sweet mangos; floral; osmanthus; cream; butter; apple; mango",condensed milk; green mango; pineapple; rich; buttery; lightly vegetal; mango; slightly salty,thick; velvety; smooth,uplifting; comforting,"jungle‑green, tightly-rolled leaves",vegetal; grassy; milky,"medium‑large, jungle-green leaves with stems",floral; osmanthus; cream; butter; popcorn; lightly vegetal; grassy; sweet; apple; mango
Jin Ya,Golden Tips,black,Yunnan Da Ye Zhong,,high,,,China,Yunnan,,reddish amber brown; root beer; fairly clear,burnt sugar; pumpkin; clove; sweet potato,bright; woody; burnt sugar; bittersweet; unsweetened chocolate; clove; malty; yams; cinnamon,light-to-medium body,warming,"small‑to‑medium black buds with golden fuzz; soft, golden, silvery, slightly twisted leaves",honey graham cracker; sweet; chocolate chip cookie; hay; cinnamon; clove,mud-brown buds,sweet; sugar cane
Kabusecha,Kabusecha Takamado; Uji Kabusecha,green,Yabukita; Saemidori; Okumidori,shade-grown and lightly steamed,low,,,Japan,"Kyoto, Uji",,cloudy; bright yellow-green,sweet; vegetal; grassy; nutty; cashew; corn; starchy,"vegetal; slightly sweet; spinach; peas; cashew; marine; starchy, potato chips; fresh green beans",medium-to-heavy body; velvety,calming; focusing,"dark, deep jungle‑green, flat, glossy leaves",fresh; sweet; vegetal; pea; roasted cashew; sea air; corn,"bright, grass-green leaves",very sweet; effervescent; starchy
Laoshan Green Oolong,,oolong,Longjing Qunti,,low,,,China,"Shandong, Laoshan Village",,clear with some hairs; bright yellow,bread; hay; sweet vegetal; strong; smoky,vegetal; slightly sweet; green beans; sour; salty; smoky; grassy,light‑to‑medium body,alerting,"light yellow‑green to dark jungle‑green, twisted, loose balls",bread; smoked paprika; hay; vegetal sweetness; honeydew melon; complex; milk chocolate,"medium‑to‑long, dull olive green leaves with stems",sweet; vegetal; slightly fruity; sour; smoky; bread
Laoshan Pine Needle Green,,green,Longjing Qunti,"carefully curled, then pulled straight",low,,,China,"Shandong, Laoshan Village",,pale to bright citrine yellow,sweet; intensely vegetal; fresh hay; nutty; peanut; cashew; fresh cut grass; potato chips; marine,fresh; intensely vegetal; light honey; apricot,light‑to‑medium body,calming,"dark, dull green, medium‑to‑long, fairly straight, thin leaves with lighter green accents",rich; sweet; intensely vegetal; fresh hay; nutty; peanut; cashew; fresh cut grass; morning dew; potato chips; marine,"thin, grass-green leaves",effervescent; sweet; grassy; vegetal
Lu An Gua Pian,Melon Seed,green,"Da Guazi, Dushan, Wu Niu Zao",hand‑picked leaves dried with bamboo brushes in heated vessels,low,"Top 10 tea of China. Unique for using only mature leaves, giving it a distinctive shape and processing style dating back to the Ming dynasty.	China Tea Marketing Association; Anhui Lu’an Tea Records",,China,Anhui,,slightly cloudy; light golden yellow,corn; green beans; sweet; buttery,delicate; sweet; vegetal; watermelon rind; fresh hay; sweetgrass,medium body,calming,"long, twisted, dull green leaves with bluish accents",fresh; vegetal; hay; honeydew melon,"a more uniform, brighter grassy green",effervescent; sweet; honeydew melon
Lu Shan Yun Wu,Lu Mountain Cloud Mist,green,Lu Shan Qunti Zhong,,low,Top 10 tea of China. One of China’s oldest documented teas. Celebrated in Tang‑era poetry for its mist‑nurtured leaves and long associated with the cultural heritage of Lushan.,"Lu Yu commentaries (Song‑dynasty editions of ""The Classic of Tea""); Jiangxi Tea Bureau",China,"Jiangxi, Lushan",,"cloudy; pale, antique golden yellow; medium yellow",pungent; effervescent; vegetal; sweet; chestnut,sweet; grassy; chestnut; asparagus,heavy body; syrupy; full‑bodied; viscous; stimulating,,"long, thin, pointed, dark‑green, twisted, shiny leaves",very sweet; seaweed; hamster bedding; fresh; very vegetal; grassy; pungent; tropical fruit,"thin, grassy yellow‑green",vegetal; pine; effervescent; sweet
Mao Xie,Hairy Crab,oolong,Mao Xie,,medium,"A traditional Anxi oolong cultivar named for the fine hairs on its leaves and its fresh, slightly floral, aroma.",Anxi Tea Industry Records; Fujian Oolong Cultivar Register,China,Fujian; Anxi,,"light, bright golden yellow; fairly clear with small hairs",butter; cream; wildflowers; wild grass; lightly sweet; morning dew,bright; cream; wildflowers; marigold,medium body,uplifting,"loose, grass-green balls with brown accents",sweet; floral; wild grass; meadow;,"small, coarse, textured leaves that retain their dry color",wildflowers; parsley
Meng Ding Yu Lu,Mengding Jade Dew,green,Mengding Qunti Zhong,,low,Produced on one of China’s earliest known tea‑cultivation sites. Historical accounts trace tea planting on Mengding Mountain to the Western Han dynasty.,"Sichuan Provincial Museum ""Sichuan Tea History"" (2005); Mengding Mountain Tea Records",China,Sichuan,,"pale, golden moonlight yellow; cool gray",sweet; vegetal; calming; roasted grain; floral,vegetal; sweet; zucchini; sharp; toasted grain; honeydew melon,medium body,calming; refreshing,"small, curly, wavy, deep forest‑green leaves with white down and curly, eyebrow‑shaped fuzzy buds",complex; sweet; vegetal; peppery; floral; effervescent; citrus; hay; grass; plum,"opened, bright, green-yellow buds",strongly vegetal; fruity; effervescent; lobster; citrus
Mi Lan Xiang Dan Cong,Honey Orchid; Honey Orchid Aroma Dan Cong,oolong,Bai Ye,,medium,A leading Phoenix Dan Cong cultivar. Phoenix Mountain’s Dan Cong tradition is officially recognized as intangible cultural heritage in Guangdong.,Guangdong Intangible Cultural Heritage Registry (2014); Fenghuang Dan Cong Cultural Office,China,"Guangdong, Fengxi, Wudong Mountain, Zhongshan Village, Fenghuang Shan",,"slightly cloudy with particles; deep, golden orange‑yellow; light amber; warm sunshine orange",floral; exotic fruits; lychee; buttery; toasty; vegetal; butternut squash; peachy; fruity; char; peanuts,woody; fruity; peach; honey; floral; lychee,medium body; slightly astringent,uplifting; calming,"long, twisted, dark‑brown leaves",fruity; woody; floral; fresh; char; roasted peanut; lychee; peach; honey; very sweet,"untwisted, green and reddish-brown leaves",sweet; fruity; lychee; peach; floral; orchid; woody
Moonlight White,Yue Guang Bai,white,Jinggu Da Bai; Yunnan Da Ye Zhong,slowly shade-dried,very low,A modern Yunnan white tea tied to Dai minority shade‑drying traditions. Its name reflects the nighttime drying method used in Jinggu.,Yunnan Agricultural University white‑tea studies (2016); Jinggu County Tea Records,China,Yunnan,,soft golden yellow,very sweet; cane sugar; floral; cinnamon,floral; lightly sweet; cinnamon; mandarin orange; malty; honey,medium-to-heavy body; smooth; silky,"relaxing, warming","large, jade‑green bud-and-leaf pairs with white down",effervescent; dough; white wine; ginger ale,not available,white wine; pastry dough; ginger ale; sweet; cinnamon
Nan Mei,,white,Various,,low,,,China,"Yunnan, Nan Mei Valley",,"very clear with some small particles; soft, bright golden yellow",floral; raw pastry dough; lemon; effervescence; cayenne pepper,floral; peppery; sweet; lemon,light‑to‑medium body,calming,"small, light, yellow‑green spiky buds with reddish accents and white down",floral; cayenne pepper; lemon; effervescent; fresh hay,glistening buds,floral; sweet; slightly spicy; black pepper; cayenne
Qi Lan,Rare Orchid,oolong,Qi Lan,,medium,A traditional Wuyi rock oolong cultivar documented in late‑Qing tea records. Valued for its orchid‑like fragrance and preserved through clonal propagation.,"Fujian Agriculture Press ""Wuyi Rock Tea Varietal Records"" (1999); Wuyi Tea Research Institute",China,"Fujian, Wuyi Mountains",,slightly cloudy; orange‑brown amber,fruity; woody; floral; pastry; toasted grain; maple walnut fudge; chocolate; peachy,slightly sweet; grilled nuts; spices; peach; malty; roasted grain,medium body; smooth; some astringency,refreshing,"medium, twisted, dark brown and green‑black leaves",woody; spicy; floral; fruity; pastry; roasted grain; maple walnut fudge,"glossy, olive-green and brown leaves",fruity; cooked peaches; pineapple; effervescent; cherry; wood
Sencha Ashikubo,,green,Yabukita; Saemidori; Okumidori,,low,,,Japan,"Shizuoka, Ashikubo",,cloudy; yellow,vegetal; sweet; toasted chestnuts,fruity; mango; kiwi; roasted corn; hazelnuts; sweet; vegetal; chestnuts; tropical,medium body,calming,"slightly longer, shiny, thin, deep‑green leaves",vegetal; sweet; fruity; pineapple; mango; kiwi; chestnut,"open, brighter green leaves",chestnut; vegetal; zesty
Sencha Isagawa,,green,Yabukita; Saemidori; Okumidori,,low,,,Japan,,,cloudy; neon yellow,grassy; classic sencha,grassy; vegetal; sweet; salty; marine,light‑to‑medium body,calming,"flat, shiny, green leaves",grassy; hay,"vibrant, lighter green leaves",sweet; grassy
Sencha Kyoto,,green,Yabukita; Saemidori; Okumidori,,low,,,Japan,"Kyoto, Uji",,verdant green; neon yellow,toast; green beans,clean; vegetal; lime; green beans; sour; tart,medium body; astringent,alerting,"small, flat, glossy, green leaves",vegetal; pear; almond; very sweet,deep green leaves,sweet; buttered toast; lime; banana bread; marine
Sencha Yabukita,,green,Yabukita,,low,,,Japan,,,cloudy; murky greenish yellow,clean; sweet; light; vegetal,rich; vegetal; clean; grassy; lightly sweet; green bean; snow peas,medium body,alerting; calming,"short, thin, flat, glossy, very dark forest‑green leaves",very sweet; vegetal; morning dew,leaves resemble chopped spinach,green bean; vegetal
Sheng Pu-erh,Raw Pu-erh / Pu'er / Puerh / Puer,puerh,Various,,,,,China,Yunnan,,various,various,various,various,various,various,various,various,various
Shou Mei,Shoumei; Longevity Eyebrow,white,Da Bai; Fuding Da Bai;  Zhenghe Da Bai ,,low,"Its name (""Longevity Eyebrow"") refers to the curved shape of the leaves and appears in early 20th‑century white‑tea classifications.",Fujian White Tea Standards; China White Tea Compendium,China,"Fujian, Fuding, Hulin",,"soft, golden antique yellow",sweet; pastry dough; citrus; orange; lime,lemon peel; vegetal; clean; sweet; citrus; tart; delicate; pastry dough; orange; lime; pine,light‑to‑medium body,calming; refreshing,"medium-sized brown leaves with white, downy buds",sweet; pastry dough; citrus; orange; lime,forest‑floor brown and green leaves,dried deciduous leaves; citrus
Shou Pu-erh,Ripe Pu-erh / Pu'er / Puerh / Puer,puerh,Various,,,,,China,Yunnan,,various,various,various,various,various,various,various,various,various
Shui Jin Gui,Golden Water Turtle,oolong,Shui Jin Gui,,medium,"One of the “Four Famous Bushes” of Wuyi rock tea; its name refers to the glossy, turtle‑shell‑like appearance of its leaves and its long cultivation history in Wuyishan.",Fujian Wuyi Tea Bureau; Wuyi Rock Tea Varietal Records,China,"Fujian, Wuyishan",,murky rich amber brown caramel; hazy tan amber with particles,buttery; sweet; honey; raspberries; toasted grain; apricot; roasted nectarines; peaches; lychee; tropical,complex; caramel; malty; honey; woody; raspberry; minerality; citrus; lightly sweet; fruity,medium‑to‑heavy body,calming,"broader, withered, yellow, olive, and blackish‑green leaves",roasted; sweet; effervescent; fruity; raisin; cherry; strawberry; pastry; nectarine; peach; lychee; tropical,"glossy, dark, olive green and mud-brown leaves",effervescent; sweet; honey; nectarine; dried cherry; fruity; nectarine; woody
Shui Xian Lao Cong,Water Sprite; Lao Cong Shui Xian,oolong,Shui Xian,,medium,"Shui Xian is a major Wuyi cultivar with centuries of history. Named after the narcissus flower (""Shui Xian"") whose elegant form and fragrance early Fujian growers felt the tea resembled. The English rendering ""Water Sprite"" comes from a poetic translation of the flower’s name. ""Lao Cong"" designates tea made from old deep‑rooted bushes prized for mineral richness.","Fujian Agriculture Press ""Wuyi Rock Tea Varietal Records"" (1999); Wuyi Tea Research Institute; China Tea Marketing Association",China,"Fujian, Wuyi Mountains",,clear; amber brown,"vegetal; grilled zucchini; strawberry; muscat grape; charred, grilled vegetables; nutty",woody; fruity; strawberry; lightly floral; char; nutty,medium body,calming,"large, twisted, brown leaves",fruity; sweet; nutty,brown and olive green leaves,peanut; strawberry
Si Ji Chun,Four Seasons Oolong; Four Seasons Spring; Tea of the Four Springs,oolong,Si Ji Chun,sun-withered; repeatedly rolled into tight balls; lightly roasted,low,A Taiwanese cultivar discovered in the 1980s. Named for its ability to produce fragrant leaves in all four seasons and central to Taiwan’s modern oolong industry.,Taiwan Tea Research and Extension Station; Nantou Tea Cooperative,Taiwan,Miaoli County; Nantou County,,bright golden to buttercup yellow; clear; vibrant,floral; lilac; osmanthus; buttery; spring flowers,floral; osmanthus; buttery; sweet; vegetal; pear; almond; vanilla; caramel,light-to-medium body; smooth,,tightly-rolled balls of multiple shades of green,floral; fresh; buttery; osmanthus; jasmine,deep green leaves with reddish-brown accents,floral; osmanthus; jasmine; almond; pear; honeydew
Tai Ping Hou Kui,Taiping Hou Kui; Monkey Chief; Monkey King,green,Jian Cha; Kui Jian,pressed flat between cloth; pan‑fired; charcoal roasted,low,Top 10 tea of China,,China,"Anhui, Huangshan",,cloudy; bright yellow,sweet; warm hay; lime; effervescent,lightly sweet; clover; lime zest; corn silk; mineral water; slightly vegetal; artichoke,light‑to‑medium body; effervescent,calming,"large, long, flat, green leaves with accents of other shades of green",effervescent; vegetal; fruity; spicy,light green leaves,fruity; vegetal; marine
Tan Huong,,green,LT,,low,,,Vietnam,Northern Hanoi,,bright yellow‑green; lime green,nutty; popcorn; vegetal; salty; sweet; basil; vanilla,sweet; vegetal; slightly marine; smoky; robust; salty; buttery; chestnut; woody; pastry,medium body,relaxed; soothed,"small, curled, twisted, dark, earthy-green leaves",nutty; peanut; vegetal; sweet; fruity; peach; marine; bread,unspecified,marine; vegetal; seaweed; smoky; fruity; chestnut
Taoyuan Da Ye Green Tea,Snow Dragon; Snow Dragon Green; Taoyuan Big Leaf Green; Hunan Snow Dragon,green,Taoyuan Da Ye,low‑heat pan roast,low,"A modern Hunan green tea whose export name ""Snow Dragon"" refers to the white down on its buds (""snow"") and the long, curling leaf shape (""dragon"").",Hunan Provincial Tea Research Institute; Taoyuan County Tea Records,China,Hunan,,soft golden yellow; partly cloudy,cocoa; nutty; buttery; effervescent; vegetal,sweet; vegetal; slightly smoky; nutty; toasty,light‑to‑medium body; creamy,calming,"medium, flat, green leaves with white and light‑green down",fresh hay; marine; crab,lighter yellow‑green leaves with red and brown accents,effervescent; slightly smoky; vegetal; floral; artichoke
Tian Mu Qing Ding,Heavenly Blue Peak,green,Tianmu Qunti Zhong,,low,"A Zhejiang green tea named for Tianmu Mountain, a historic Buddhist site. ""Qing Ding"" (""Blue Peak"") refers to the misty blue‑green mountain ridges where the tea was traditionally harvested.",Zhejiang Tea Gazetteer; Tianmu Mountain Cultural Heritage Bureau,China,"Zhejiang, Tianmu Mountains",,lime green,sweet; vegetal; pastry,sweet; vegetal; lime zest; clover,light‑to‑medium body,calming,"medium-sized flatter, withered, dark‑green leaves with light‑green accents",warm; toast; vegetal,light green leaves,vegetal; lime zest; clover
Tie Luo Han,Iron Arhat,oolong,Tie Luo Han,,medium,One of Wuyi’s “Four Famous Bushes”. Its name refers to a legendary Buddhist arhat whose strength and discipline inspired the tea’s name. The cultivar was said to originate near a cave associated with the figure.,"Fujian Wuyi Tea Bureau; Zhang ""China Tea Classic"" (2006)",China,"Fujian, Wuyi Mountains",,cloudy; dull cola‑brown,sweet; woody; caramel; brandy; butter,floral; sweet; woody; red currant; slightly tart,light‑to‑medium body; juicy,calming,"long, withered, dark brown to blackish‑green leaves",sweet; roasted grain; corn; fruity; red currant; nougat,"glossy, long, camo‑green and brown leaves",woody; red currant
Ujeon,Woojeon; Sparrow’s Tongue,green,Yabukita; Jangwon Jaecha,,low,,,South Korea,Jeju Island,,pale moonlight yellow; bright yellow,nutty; sweet; chestnuts,toasty; savory; nutty; chestnuts; grassy; sweet,effervescent,calming,"small, tightly curved, deep‑green leaves",fresh; invigorating; fruity; sweet; seaweed,uniform yellow-to-olive green leaves,nutty; buttered toast; asparagus
Ureshino Tamaryokucha,,green,Yabukita,tumbler‑dried,low,,,Japan,"Saga, Ureshino",,cloudy with sediment; lime‑green yellow,lime; mandarin orange; sweet; vegetal; seaweed; grass,salty; sweet; corn silk; bright; vegetal; sweetgrass,light‑to‑medium body; smooth,relaxing,"small, thin, jade‑green needles",strongly vegetal; sweet; fruity; pineapple,brighter green leaves,sweet; vegetal
Vert du Vietnam,Vietnamese Green Tea,green,LT; PH1; LDP1,,low,,,Vietnam,Thai Nguyen,,cloudy; vibrant golden yellow; earthy golden yellow,toasted grain; fennel; passionfruit; marine; crab; buttery,smoky; nutty; buttery; bittersweet; vegetal; marine; floral,medium body,calming,"slender, twisted, withered, jade‑green, gray-green, and yellow-green leaves",floral; slightly smoky; spicy; warm hay; complex,"long, dull, yellow‑green leaves",rich; vegetal; effervescent; sea air; fennel
Vietnamese Silver Tips,Vietnamese Silver Needle,green,Shan Tuyet,,low,,,Vietnam,,,"cloudy; pale white‑wine yellow; light, golden peachy yellow",smoky; sweet; vegetal,complex; honeydew melon; cedar; smoky; vegetal; bitter; slightly marine; spicy; slightly sweet,light‑to‑medium body,alerting,"withered, medium, greenish‑gray leaves with silvery tips",smoky; woody; cedar; vegetal; marine; spicy; peppery; mist; dried grass,"medium‑to‑large, olive‑green leaves with red‑brown accents",effervescent; vegetal; cedar; smoky; fruity; peach; grape; marine; vinegar
Vietnamese Wild Black,,black,Shan Tuyet,,high,,,Vietnam,Ha Giang,,deep amber red; dark reddish‑brown,hibiscus; woody; spicy; sweet; salty; leathery; buttery,spicy; peppery; salty; sweet; woody; smoked cedar,medium body; some astringency,comforting; energizing,"twisted, small‑to‑medium, dark brown to black leaves",woody; spicy; peppery; paprika; sweet; invigorating,brown leaves and twigs with hints of green,spicy; fruity; muscat grape; smoky; leather; cedar
Wei Shan Huang Cha,Weishan Yellow Tea,yellow,Bai Hao Zao,,low,,,China,,,pale moonlight yellow; some hairs,sweet; floral; pine; effervescent,green bean; pine,light‑to‑medium body; effervescent; slightly astringent,calming,"small‑to‑medium, thinner, withered, dull brown‑gray leaves with silvery down",fresh hay; lemon zest; sweet; floral,yellow‑green bud‑leaf pairs,sweet; pine; floral; effervescent
Wu Liang Mao Feng Black Tea,Hong Mao Feng; Wu Liang Hong Mao Feng,black,Yun Kang #10; Yun Kang #32; Da Ye,"brief fermentation, then black tea processing",high,,,China,"Yunnan, Wu Liang Mountains",,ale-like orange-brown; cloudy,sweet; caramel; butternut squash; caramelized apple; s’mores,butternut squash; caramel; milk chocolate; fruity; apple,medium body; smooth,"relaxing, warming;  comforting","medium-sized, withered, fuzzy, brown and golden‑yellow leaves",hay; butternut squash; sweet potato; caramel; chocolate; tomato soup,olive brown with reddish accents,butternut squash; fruity; cocoa powder; caramelized sweet potato
Wuyuan Zi Mei,Zi Mei Green Tea,green,Wuyuan Qunti Zhong,,low,,,China,Jiangxi,,clear; light golden yellow,sweet; vegetal; almond; pear; effervescent,vegetal; lightly marine; herbaceous; hazelnut; sunflower seed; salty; sweet; watermelon rind; pear; almond,light‑to‑medium body,calming,"medium, straight, thin, dark‑green leaves with light‑green accents",fresh; vegetal; slightly marine; almond; pear; fruity,"plumper, vibrant, yellow‑green leaves",sweet; vegetal; almond; pear; effervescent
Xing Ren Xiang Dan Cong,Almond Aroma Dan Cong,oolong,Xing Ren Xiang,,medium,A Phoenix Dan Cong cultivar known for its almond‑like fragrance. Part of the long‑preserved single‑bush Dan Cong tradition of Guangdong.,Fenghuang Dan Cong Cultural Office; Guangdong Tea Records,China,"Guangdong, Phoenix Mountains, Wudong Shan",,clear; peachy yellow; light golden yellow with orange tint,apricot; buttery; sweet almond; fruity; poached pears; apple; caramel,slightly sweet; sour; almond; apricot; strawberry; toasted almond; pine; fruity; apple; pear; pineapple; apricot; honeysuckle,light‑to‑medium body; syrupy,alerting,"short, withered, dark, blackish‑brown leaves",woody; nutty; sweet; almond; fresh; fruity; apple; apricot; pear; juicy; hay,"half red‑brown, half forest‑green torn leaves",sugar cane; almond; effervescent; apricot; intensely fruity; pineapple; floral; hibiscus; muscat grape; honeysuckle
Xinyang Mao Jian,Furry Tips; Pale Tips,green,Xinyang Qunti Zhong,,low,"Top 10 tea of China. Praised since the Tang dynasty for its slender, sharp leaves and produced in the misty mountains of Henan.",China Tea Marketing Association; Henan Provincial Tea Records,China,"Henan, Xinyang Township, Qinling Mountain",,very cloudy; pale yellow; citrine; canary yellow,grass; pine; butter; sweet; fruity; passionfruit; marine; toast; pastry,asparagus; green beans; bittersweet; fruity; passionfruit; artichoke; white wine,thick; effervescent,calming; stimulating,"short, thin, withered, dark‑green and silvery leaves",fresh hay; grass; milk chocolate; comforting; effervescent; vegetal,"plumper, lighter green leaves",buttery; vegetal; intensely fruity; passionfruit; sweet; effervescent; floral; marine
Ya Shi Xiang,Duck Shit Oolong; Lao Ya Shi Xiang; Ya Shi Dan Cong,oolong,Ya Shi,,medium,"A Phoenix Dan Cong cultivar with a well‑known naming legend. Growers in Fenghuang described the unusually fertile, yellowish soil around these bushes as ""duck‑shit earth"". To prevent outsiders from taking cuttings, they gave the tea the unappealing name ""Duck Shit Aroma"", which eventually became its recognized cultivar name.",Guangdong Intangible Cultural Heritage Registry; Fenghuang Village Oral Histories,China,"Guangdong, Wudong (Phoenix Mountain)",,warm sunset orange; golden orange-yellow; mostly clear,buttery; creamy; nectarine; peach; cherry; lightly sweet; raw pumpkin,buttery; fruity; nectarine; peach; cherry; pineapple; almond pastry; sweet,light-to-medium body; silky; slightly astringent,,"long, withered, dark, blackish‑brown leaves",woody; nectarine; juicy; fresh; acidic; tobacco; unsweetened cocoa; cherry; brown sugar,"long, olive-green and dark brown leaves",effervescent; woody; fruity; nectarine; cherry; pineapple; buttery pastry; antique wood
Ye Sheng Hong Cha,Wild Tree Black Tea; Ye Sheng Black Tea,black,Ye Sheng,,medium,,,China,"Yunnan, Lincang, Fengqing",,clear; root beer brown,fruity; chocolate; barrel‑aged rum; woody; sweet butter,fruit; chocolate; rum; starchy; potato chips; woody; watermelon,light‑to‑medium body,stimulating,"long, withered, black‑brown leaves with muddy brown accents",sweet; roasted; raisin; watermelon; butternut squash; corn husk; woody,mud-brown to olive‑green leaves,tobacco; effervescent; fruity; sweet; date; plum
You Hua Xiang Dan Cong,Pomelo and Flower Aroma Dan Cong,oolong,You Hua Xiang,,medium,A Dan Cong cultivar valued for its citrus‑floral fragrance. Part of the Phoenix Mountain single‑bush heritage.,Fenghuang Dan Cong Cultural Office; Guangdong Tea Records,China,"Guangdong, Raoping, Fenghuang, Tou She Village",,"golden, slightly orange; warm, vibrant orange‑yellow",butter; cream; osmanthus,complex; refined; fruity; floral; osmanthus; bright; pomelo; salty,medium‑to‑heavy body; syrupy,uplifting,"long, withered leaves, yellow‑green to dark black‑green with brown accents",pomelo; floral; citrus; cayenne pepper,grass-green with red‑brown edges,intensely pomelo; fruity; milky; floral; osmanthus; fresh
Yi Mei Ren,Yi Minority Beauty,black,Yunnan Da Ye Zhong; Wu Liang Qunti Zhong,,medium,"A modern Yunnan tea named to honor the Yi ethnic minority. ""Mei Ren"" (""Beauty"") follows the naming style of teas like Oriental Beauty, emphasizing elegance and regional cultural identity.",Yunnan Minzu University Ethnic Tea Culture Studies; Pu’er Prefecture Tea Records,China,"Yunnan, Wu Liang Mountain",,clear; deep gold with red tinges; amber; coppery sunshine orange,chocolate; gingerbread; tree bark; orange,bittersweet chocolate; juicy; sweet; sour cherry; sugar cane; chocolate orange; orchid,medium body; juicy,comforting,"long, thin, twisted, black leaves with brown patches and golden tips",sweet chocolate; fruity; molasses,brown leaves,chocolate; gingerbread; sour cherry; toasted pecan
Yunnan Black Gold,Dian Hong Black Gold; Yunnan Gold Buds,black,Yunnan Da Ye Zhong; Fengqing Da Ye,,medium,,,China,"Yunnan, Simao, Zhenyuan",,bright medium amber; cola brown,malty; brown sugar; woody; floral,brown sugar; lightly sweet; woody,light‑to‑medium body,calming,"long, withered, dark, blackish‑brown leaves with bright yellow‑orange tips",woody; sweet; effervescent; stone fruit; plum; floral; rose,"glossy, mud-brown leaves",woody; effervescent; fruity; plum
Yunnan Mao Feng Green Tea,Yunnan Mao Feng,green,Yunnan Da Ye Zhong,,low,,,China,"Yunnan, Simao (Yin Pan Mountain)",,cloudy; pale silvery yellow-green,sweet; vegetal; tomato soup; asparagus,vegetal; smoky; tomato soup; sweet grass; green bean; slightly sweet,medium body; smooth,refreshing,"medium‑to‑long, wavy, darker green leaves with silvery down",fresh; sweet hay; barn,"various greens, reds, and browns",buttery; sweet; vegetal; artichoke; asparagus; nutty; fruity; peach
Yunnan Snow Dragon White Tea,"Snow Dragon, Snow Dragon White, Yunnan Snow Dragon",white,Yunnan Da Ye Zhong; Jinggu Da Bai,hand‑rolled,low,,,China,Yunnan,,"light green; soft, clear moonlight yellow",very floral; sweet; vegetal; green beans; asparagus,sweet; fruity; vegetal; green bean; juicy,medium body; smooth; juicy,relaxing,"long, spiral-shaped, deep green buds covered with silver down",spicy; black pepper; smoky; laser‑cut wood; vegetal; asparagus,pea‑green buds,sweet; effervescent; vegetal; green bean; asparagus
Zheng Shan Xiao Zhong,Lapsang Souchong,black,Wuyi Qunti Zhong,,high,One of the earliest known black teas originating in Tongmu Village. Historically smoked over pinewood. Central to the development of the global black‑tea trade.,Tongmu Tea Cooperative; Wuyishan Tea Research Institute,China,"Fujian, Wuyi Mountains, Tong Mu Guan Village",,deep red‑gold; orange sunset; bright amber,fruity; peach; sweet; cinnamon; nutmeg; allspice; brown sugar; caramel; woody; butter; milk chocolate; guava,sweet; fruity; slightly bitter; apple; bright; nectarine; peach; apricot; floral; cinnamon; nutmeg; allspice; honey,medium body; juicy; no astringency,stimulating; comforting,"medium‑to‑long, twisted, thin, twiggy, brownish‑black leaves",dark chocolate; fresh hay; caramel; raisin; clove; nutmeg; effervescent; woody; brownie,"thin, brown-black leaves",tobacco; peaches; apple cider; effervescent; milk chocolate; woody; guava; blueberry muffin; sugar cane; fruity
Zhi Hong Pao,Purple Robe,oolong,Wuyi Qunti Zhong,,medium,A Wuyi rock tea whose name refers to the purplish hue of its leaves and echoes the naming style of Da Hong Pao. Part of Wuyi’s traditional cultivar set.,Fujian Wuyi Tea Bureau; Wuyi Rock Tea Varietal Records,China,"Fujian, Wuyishan City",,cloudy; leather brown,butter; grapes; sweet; fruity; woody; golden raisins,sweet; nectarine; woody; caramel; cinnamon roll; Roman nougat; blackberry; raspberry; cocoa powder,medium‑to‑heavy body; syrupy; juicy,warming,"medium‑to‑large, withered, dark‑gray to blackish‑brown leaves",roasted; sweet; nectarine; nougat; woody; smoky,"glossy, dark brown leaves",effervescent; tobacco; fruity; cherry; raspberry; sweet; turbinado sugar; caramel
Zhu Ye Qing,Bamboo Leaf Green; Emei Zhu Ye Qing,green,Emei Qunti Zhong,,low,"A modern Sichuan green tea created in the 1960s. Named ""Bamboo Leaf Green"" for its slender shape and bright color. A signature tea of Mount Emei.",Sichuan Tea History (Sichuan Provincial Museum); Emei Mountain Tea Records,China,"Yunnan, Simao",,golden antiqued yellow; cloudy with particles,intensely vegetal; sweet; starchy; sweet potato; butternut squash; grilled zucchini; corn,slightly sour; vegetal; grilled zucchini; corn; artichoke,heavy body,alerting,"small‑to‑medium, curved, forest‑green buds with whitish accents",strongly vegetal; bright; pea; effervescent; pine; slightly smoky; spicy; paprika,"light, bright green leaves",pea; green bean; sour; starchy; potato; acrid
Zi Cha Hong Cha,Purple Needle; Purple Needle Black Tea; Jingmai Purple Needle; Zi Cha Black Tea,black,Zi Cha,,high,,,China,"Yunnan, Simao, Lancang, Jingmai Mountains",,deep red‑orange with hints of purple; amber brown; slightly cloudy,floral; grapefruit; sugar cane; nougat; butter; fruity; muscat grape; watermelon rind,citrus; fruity; sweet; vibrant; malty; muscat grape; woody; watermelon rind,medium body; hui gan,relaxing,"long, thin, twisted, black leaves with golden accents",floral; fruity; muscat grape; watermelon; rose,"long, mud-brown and olive-green leaves",intensely fruity' muscat grape; effervescent
Zi Juan Hong Cha,Jingmai Purple Beauty Black; Purple Beauty Black; Zi Juan Black,black,Zi Juan,,high,,,China,"Yunnan, Simao, Lancang, Jingmai",,deep orange‑red,floral; nectar; vanilla; honey; mineral,vanilla; honey; mineral; bittersweet,smooth; light body,energizing,"small‑to‑long, withered, blackish‑brown leaves with golden tips",unspecified,unspecified,unspecified